Coast,East,Far West,North,North Central,South,South Central,West
Ace,Alto,Ackerly,Afton,Abbott,Agua Dulce,Adkins,Abilene
Alvin,Anderson,Alpine,Allison,Addison,Alamo,Alleyton,Anson
Anahuac,Apple Springs,Andrews,Annona,Albany,Alice,Altair,Art
Angleton,Arp,Anthony,Archer City,Aledo,Aransas Pass,Atascosa,Avoca
Bacliff,Athens,Balmorhea,Arthur City,Allen,Armstrong,Austin,Ballinger
Batson,Atlanta,Barstow,Aspermont,Alvarado,Artesia Wells,Bandera,Barksdale
Bay City,Avinger,Big Bend National Park,Avery,Alvord,Asherton,Bastrop,Barnhart
Baytown,Beckville,Big Lake,Bagwell,Anna,Austwell,Bergheim,Bend
Beasley,Bedias,Big Spring,Bailey,Aquilla,Banquete,Bertram,Blackwell
Beaumont,Ben Wheeler,Canutillo,Bellevue,Argyle,Batesville,Blanco,Bluffton
Bellaire,Big Sandy,Clint,Bells,Arlington,Bayside,Bleiblerville,Brackettville
Bellville,Bivins,Coahoma,Benjamin,Aubrey,Beeville,Boerne,Brady
Blessing,Bloomburg,Coyanosa,Blossom,Avalon,Ben Bolt,Brenham,Bronte
Bloomington,Brashear,Crane,Bogata,Axtell,Benavides,Briggs,Buchanan Dam
Boling,Bremond,Dell City,Bonham,Azle,Berclair,Buckholts,Buffalo Gap
Bon Wier,Bronson,Dryden,Bowie,Baird,Big Wells,Buda,Burkett
Brazoria,Brookeland,El Paso,Briscoe,Balch Springs,Bigfoot,Bulverde,Camp Wood
Bridge City,Brownsboro,Fabens,Brookston,Bangs,Bishop,Burlington,Carlsbad
Brookshire,Bryan,Forsan,Burkburnett,Bardwell,Brownsville,Burnet,Castell
Buna,Buffalo,Fort Bliss,Byers,Barry,Bruni,Burton,Center Point
Burkeville,Bullard,Fort Davis,Childress,Bartlett,Calliham,Caldwell,Cherokee
Call,Calvert,Fort Hancock,Chillicothe,Bedford,Campbellton,Cameron,Christoval
Camden,Canton,Fort Stockton,Clarendon,Belton,Carrizo Springs,Canyon Lake,Coleman
Cedar Lane,Carthage,Gail,Clarksville,Ben Franklin,Catarina,Carmine,Colorado City
Channelview,Cayuga,Garden City,Collinsville,Blanket,Charlotte,Castroville,Comstock
Chester,Center,Gardendale,Crosbyton,Blooming Grove,Christine,Cat Spring,Concan
China,Centerville,Goldsmith,Crowell,Blue Ridge,Combes,Cedar Creek,Del Rio
Cleveland,Chandler,Grandfalls,De Kalb,Bluff Dale,Concepcion,Cedar Park,Doole
Clute,Chireno,Imperial,Denison,Blum,Corpus Christi,Chappell Hill,Doss
Coldspring,College Station,Iraan,Deport,Boyd,Cotulla,Cibolo,Dyess Afb
Collegeport,Como,Kermit,Detroit,Brandon,Crystal City,Columbus,Eden
Colmesneil,Cookville,Knott,Dickens,Breckenridge,Delmita,Comfort,Eldorado
Conroe,Crockett,Lamesa,Dodd City,Bridgeport,Dilley,Converse,Eola
Corrigan,Cumby,Lenorah,Ector,Brookesmith,Donna,Cost,Fluvanna
Crosby,Cuney,Marathon,Electra,Brownwood,Driscoll,Coupland,Fort McKavett
Cypress,Cushing,Marfa,Era,Bruceville,Eagle Pass,Cuero,Fredericksburg
Daisetta,Daingerfield,McCamey,Estelline,Bryson,Edcouch,D Hanis,Fredonia
Damon,De Berry,Mentone,Flomot,Burleson,Edinburg,Dale,Goldsboro
Danbury,Diana,Midkiff,Forestburg,Bynum,Edroy,Davilla,Goodfellow Afb
Danevang,Diboll,Midland,Gainesville,Caddo,El Indio,Del Valle,Gouldbusk
Dayton,Dike,Monahans,Girard,Caddo Mills,Elsa,Devine,Hamlin
Deer Park,Donie,Notrees,Gordonville,Campbell,Encinal,Dime Box,Harper
Devers,Douglass,Odessa,Goree,Carbon,Encino,Driftwood,Hawley
Deweyville,Douglassville,Odonnell,Gunter,Carlton,Falcon Heights,Dripping Springs,Hermleigh
Dickinson,Edgewood,Orla,Guthrie,Carrollton,Falfurrias,Elgin,Hext
Doucette,Elkhart,Ozona,Harrold,Cedar Hill,Fannin,Ellinger,Hunt
Eagle Lake,Emory,Pecos,Haskell,Celeste,Fowlerton,Elmendorf,Ingram
East Bernard,Etoile,Presidio,Hedley,Celina,Freer,Falls City,Ira
Edna,Eustace,Pyote,Henrietta,Chatfield,Fulton,Fayetteville,Junction
Egypt,Fairfield,Rankin,Holliday,Chico,George West,Fentress,Kempner
El Campo,Flint,Redford,Honey Grove,Chilton,Goliad,Fischer,Kerrville
Elmaton,Flynn,Salt Flat,Hooks,China Spring,Gregory,Flatonia,Kingsland
Evadale,Franklin,San Elizario,Howe,Cisco,Grulla,Florence,Knickerbocker
Francitas,Frankston,Sanderson,Iowa Park,Cleburne,Hargill,Floresville,Knippa
Fred,Fruitvale,Saragosa,Ivanhoe,Clifton,Harlingen,Garwood,Lampasas
Freeport,Gallatin,Sheffield,Jayton,Clyde,Hebbronville,Gause,Langtry
Fresno,Garrison,Sierra Blanca,Knox City,Colleyville,Hidalgo,Georgetown,Laughlin Afb
Friendswood,Gary,Stanton,Ladonia,Comanche,Ingleside,Giddings,Lawn
Fulshear,Gilmer,Tarzan,Lakeview,Commerce,Jourdanton,Gillett,Leakey
Galena Park,Grand Saline,Terlingua,Lelia Lake,Coolidge,Kingsville,Glidden,Llano
Galveston,Grapeland,Tornillo,Leonard,Cooper,La Blanca,Gonzales,Lohn
Ganado,Groveton,Toyah,Lindsay,Coppell,La Feria,Granger,Lometa
Gilchrist,Hearne,Valentine,Lorenzo,Copperas Cove,La Joya,Hallettsville,London
Glen Flora,Hemphill,Van Horn,Matador,Corsicana,La Pryor,Harwood,Loraine
Goodrich,Henderson,Welch,Maud,Covington,La Villa,Helotes,Lueders
Groves,Hughes Springs,Wickett,Mcadoo,Crandall,Laredo,Hobson,Maryneal
Guy,Huntington,Wink,Megargel,Cranfills Gap,Lasara,Hondo,Mason
Hamshire,Iola,,Memphis,Crawford,Leming,Horseshoe Bay,McCaulley
Hankamer,Jacksonville,,Mobeetie,Cresson,Linn,Hutto,Melvin
Hardin,Jefferson,,Montague,Cross Plains,Lopeno,Hye,Menard
Hempstead,Jewett,,Muenster,Crowley,Los Ebanos,Industry,Mereta
High Island,Joaquin,,Munday,Dallas,Los Fresnos,Jarrell,Merkel
Highlands,Kennard,,Myra,Dawson,Los Indios,Jbsa Ft Sam Houston,Mertzon
Hillister,Kildare,,Nash,De Leon,Lyford,Jbsa Lackland,Miles
Hitchcock,Kirvin,,New Boston,Decatur,Lytle,Jbsa Randolph,Millersview
Hockley,Laneville,,Nocona,Denton,Mathis,Johnson City,Mountain Home
Houston,Larue,,O'Brien,Desdemona,Mcallen,Karnes City,Nolan
Huffman,Latexo,,Odell,Desoto,Mercedes,Kendalia,Norton
Hull,Leesburg,,Oklaunion,Dublin,Mineral,Kenedy,Novice
Humble,Leona,,Old Glory,Duncanville,Mirando City,Kingsbury,Ovalo
Hungerford,Lindale,,Paducah,Early,Mission,Kyle,Paint Rock
Inez,Linden,,Paris,Eastland,Moore,La Coste,Pontotoc
Jasper,Lone Star,,Pattonville,Eddy,Normanna,La Grange,Richland Springs
Katy,Long Branch,,Petrolia,Elm Mott,Oakville,La Vernia,Rio Frio
Kemah,Lovelady,,Petty,Energy,Odem,Leander,Robert Lee
Kendleton,Lufkin,,Pottsboro,Enloe,Oilton,Ledbetter,Roby
Kingwood,Madisonville,,Powderly,Ennis,Olmito,Leesville,Rochelle
Kirbyville,Malakoff,,Quanah,Euless,Orange Grove,Lexington,Rocksprings
Kountze,Marietta,,Quitaque,Evant,Pawnee,Liberty Hill,Rockwood
La Marque,Marquez,,Ralls,Farmersville,Pearsall,Lincoln,Roosevelt
La Porte,McLeod,,Randolph,Fate,Penitas,Lockhart,Roscoe
La Salle,Midway,,Ravenna,Ferris,Pettus,Luling,Rotan
La Ward,Milam,,Redwater,Flower Mound,Pharr,Manchaca,Rowena
Lake Jackson,Montalba,,Ringgold,Forney,Pleasanton,Manor,Sabinal
Lane City,Mount Enterprise,,Roaring Springs,Forreston,Port Aransas,Marble Falls,San Angelo
League City,Mount Pleasant,,Rochester,Fort Hood,Port Isabel,Marion,San Saba
Leggett,Mount Vernon,,Rosston,Fort Worth,Port Mansfield,Martindale,Santa Anna
Liberty,Mumford,,Roxton,Frisco,Portland,Maxwell,Silver
Lissie,Murchison,,Rule,Frost,Poteet,McDade,Snyder
Liverpool,Nacogdoches,,Sadler,Garland,Premont,McQueeney,Sonora
Livingston,Naples,,Saint Jo,Gatesville,Progreso,Medina,Stamford
Lolita,Navasota,,Savoy,Glen Rose,Quemado,Meyersville,Sterling City
Louise,Neches,,Scotland,Godley,Raymondville,Mico,Stonewall
Lumberton,New London,,Seymour,Goldthwaite,Realitos,Milano,Sweetwater
Magnolia,New Summerfield,,Shamrock,Gordon,Refugio,Moulton,Sylvester
Manvel,Normangee,,Sheppard Afb,Gorman,Rio Grande City,Muldoon,Talpa
Markham,North Zulch,,Sherman,Graford,Rio Hondo,Nada,Tennyson
Matagorda,Oakwood,,Silverton,Graham,Riviera,Natalia,Tow
Mcfaddin,Omaha,,Simms,Granbury,Robstown,New Braunfels,Trent
Midfield,Ore City,,Southmayd,Grand Prairie,Rockport,New Ulm,Tuscola
Missouri City,Overton,,Spur,Grandview,Roma,Nixon,Tye
Mont Belvieu,Palestine,,Sumner,Grapevine,Salineno,Nordheim,Utopia
Montgomery,Pennington,,Sunset,Greenville,San Benito,Oakland,Uvalde
Moscow,Pickton,,Telephone,Groesbeck,San Diego,Paige,Valera
Nederland,Pineland,,Tell,Gustine,San Isidro,Pandora,Valley Spring
Needville,Pittsburg,,Texarkana,Haltom City,San Juan,Panna Maria,Vancourt
New Caney,Plantersville,,Tioga,Hamilton,San Perlita,Pflugerville,Voca
Newton,Point,,Tom Bean,Harker Heights,San Ygnacio,Pipe Creek,Voss
Nome,Pollok,,Trenton,Haslet,Sandia,Poth,Wall
Nursery,Queen City,,Turkey,Hewitt,Santa Elena,Prairie Lea,Water Valley
Oakhurst,Quitman,,Valley View,Hico,Santa Maria,Red Rock,Westbrook
Onalaska,Ratcliff,,Van Alstyne,Hillsboro,Santa Rosa,Rio Medina,Willow City
Orange,Reklaw,,Vernon,Holland,Sarita,Rock Island,Wingate
Orchard,Richards,,Weinert,Hubbard,Sebastian,Rockdale,Winters
Palacios,Rusk,,Wheeler,Hurst,Sinton,Rosanky,
Pasadena,Sacul,,Whitesboro,Hutchins,Skidmore,Round Mountain,
Pattison,Saltillo,,Whitewright,Iredell,South Padre Island,Round Rock,
Pearland,Scroggins,,Wichita Falls,Irene,Sullivan City,Round Top,
Pierce,Shelbyville,,Windom,Irving,Taft,Runge,
Pinehurst,Shiro,,Windthorst,Italy,Three Rivers,Saint Hedwig,
Placedo,Streetman,,,Itasca,Tilden,San Antonio,
Pledger,Sulphur Bluff,,,Jacksboro,Tivoli,San Marcos,
Point Comfort,Sulphur Springs,,,Jermyn,Tuleta,Schertz,
Pointblank,Talco,,,Jonesboro,Tynan,Schulenburg,
Port Arthur,Tatum,,,Josephine,Weesatche,Schwertner,
Port Bolivar,Teague,,,Joshua,Weslaco,Seguin,
Port Lavaca,Tenaha,,,Justin,Whitsett,Shiner,
Port Neches,Tennessee Colony,,,Kaufman,Woodsboro,Smiley,
Port O'Connor,Timpson,,,Keene,Zapata,Smithville,
Porter,Trinidad,,,Keller,,Snook,
Prairie View,Trinity,,,Kemp,,Somerset,
Richmond,Troup,,,Kennedale,,Somerville,
Romayor,Tyler,,,Kerens,,Spicewood,
Rosenberg,Van,,,Killeen,,Spring Branch,
Rosharon,Waskom,,,Klondike,,Staples,
Rye,Wells,,,Kopperl,,Stockdale,
Sabine Pass,Whitehouse,,,Kosse,,Sutherland Springs,
San Felipe,Wills Point,,,Krum,,Sweet Home,
Santa Fe,Winfield,,,Lake Creek,,Tarpley,
Saratoga,Winona,,,Lake Dallas,,Taylor,
Seabrook,Woden,,,Lancaster,,Thorndale,
Seadrift,Wortham,,,Lavon,,Thrall,
Sealy,Yantis,,,Leroy,,Universal City,
Shepherd,Zavalla,,,Lewisville,,Vanderpool,
Sheridan,,,,Lillian,,Von Ormy,
Silsbee,,,,Lipan,,Waelder,
Simonton,,,,Little Elm,,Washington,
Sour Lake,,,,Little River Academy,,Weimar,
South Houston,,,,Lone Oak,,West Point,
Splendora,,,,Lorena,,Westhoff,
Spring,,,,Lott,,Wimberley,
Spurger,,,,Loving,,Wrightsboro,
Stafford,,,,Mabank,,Yancey,
Stowell,,,,Malone,,Yoakum,
Sugar Land,,,,Mansfield,,Yorktown,
Sweeny,,,,Marlin,,,
Telferner,,,,Mart,,,
Texas City,,,,May,,,
Thicket,,,,Maypearl,,,
Thompsons,,,,McGregor,,,
Tomball,,,,Mckinney,,,
Van Vleck,,,,Melissa,,,
Vanderbilt,,,,Meridian,,,
Victoria,,,,Mertens,,,
Vidor,,,,Mesquite,,,
Village Mills,,,,Mexia,,,
Votaw,,,,Midlothian,,,
Wadsworth,,,,Milford,,,
Waller,,,,Millsap,,,
Wallis,,,,Mineral Wells,,,
Wallisville,,,,Mingus,,,
Warren,,,,Moody,,,
Webster,,,,Moran,,,
West Columbia,,,,Morgan,,,
Wharton,,,,Mount Calm,,,
Wiergate,,,,Mullin,,,
Willis,,,,Naval Air Station Jrb,,,
Winnie,,,,Nemo,,,
Woodville,,,,Nevada,,,
,,,,Newark,,,
,,,,Newcastle,,,
,,,,Nolanville,,,
,,,,North Richland Hills,,,
,,,,Oglesby,,,
,,,,Olden,,,
,,,,Olney,,,
,,,,Palmer,,,
,,,,Palo Pinto,,,
,,,,Paradise,,,
,,,,Pecan Gap,,,
,,,,Penelope,,,
,,,,Perrin,,,
,,,,Pilot Point,,,
,,,,Plano,,,
,,,,Ponder,,,
,,,,Poolville,,,
,,,,Pottsville,,,
,,,,Powell,,,
,,,,Prairie Hill,,,
,,,,Priddy,,,
,,,,Princeton,,,
,,,,Prosper,,,
,,,,Purdon,,,
,,,,Purmela,,,
,,,,Putnam,,,
,,,,Quinlan,,,
,,,,Rainbow,,,
,,,,Ranger,,,
,,,,Reagan,,,
,,,,Red Oak,,,
,,,,Rhome,,,
,,,,Rice,,,
,,,,Richardson,,,
,,,,Richland,,,
,,,,Riesel,,,
,,,,Rio Vista,,,
,,,,Rising Star,,,
,,,,Roanoke,,,
,,,,Rockwall,,,
,,,,Rogers,,,
,,,,Rosebud,,,
,,,,Rosser,,,
,,,,Rowlett,,,
,,,,Royse City,,,
,,,,Sachse,,,
,,,,Salado,,,
,,,,Sanger,,,
,,,,Santo,,,
,,,,Satin,,,
,,,,Scurry,,,
,,,,Seagoville,,,
,,,,Sidney,,,
,,,,South Bend,,,
,,,,Southlake,,,
,,,,Springtown,,,
,,,,Stephenville,,,
,,,,Strawn,,,
,,,,Sunnyvale,,,
,,,,Tehuacana,,,
,,,,Temple,,,
,,,,Terrell,,,
,,,,The Colony,,,
,,,,Thornton,,,
,,,,Throckmorton,,,
,,,,Tolar,,,
,,,,Troy,,,
,,,,Valley Mills,,,
,,,,Venus,,,
,,,,Waco,,,
,,,,Walnut Springs,,,
,,,,Waxahachie,,,
,,,,Weatherford,,,
,,,,West,,,
,,,,Whitney,,,
,,,,Whitt,,,
,,,,Wilmer,,,
,,,,Wolfe City,,,
,,,,Woodson,,,
,,,,Woodway,,,
,,,,Wylie,,,
,,,,Zephyr,,,
